method,backend_used,trend_mean,trend_std,season_std,residual_rms,residual_peak_abs,reconstruction_max_abs_error
SSA,native,1.1908501617228024,0.6917338625864388,0.7036104657683112,1.6176725534817996e-15,6.439293542825908e-15,4.440892098500626e-16
STD,native,1.1900000000000002,0.6893475175845635,0.65583965305194,3.994135664447016e-17,1.1102230246251565e-16,2.220446049250313e-16
