channel,mssa_backend,std_backend,mssa_residual_rms,std_residual_rms,trend_overlay_mean_abs_gap
sensor_a,python,native,0.004660197436463147,3.3697434532255653e-17,0.05898902039654183
sensor_b,python,native,0.0038040077721955778,1.1331166295920986e-17,0.02602614181074434
sensor_c,python,native,0.09987590221888887,1.2668629051016912e-17,0.012819989341381498
