method,backend_used,trend_mean,trend_std,season_std,residual_rms,reconstruction_max_abs_error
STD,native,1.6683611111111112,1.0123335719032882,0.6723488220088165,3.1195025283779814e-17,1.1102230246251565e-16
STDR,native,1.6683611111111112,1.0123335719032882,0.672324873726517,0.005629218623202897,8.881784197001252e-16
SSA,native,1.6709497549472638,1.0129138091871208,0.7051930245059806,0.17659385994071278,4.440892098500626e-16
STL,python,1.668656740625851,1.0148781995889073,0.7288805814486161,0.0012392830229877516,8.881784197001252e-16
