{
  "mode": "summary",
  "trend": {
    "shape": [
      120,
      2
    ],
    "mean": 0.5960651650247738,
    "std": 1.4198475221201121,
    "min": -1.2200436112776705,
    "max": 3.512498372262609,
    "l2_norm": 23.855870558132892
  },
  "season": {
    "shape": [
      120,
      2
    ],
    "mean": -0.0010651650247738903,
    "std": 0.5802140220684496,
    "min": -1.0049930878733195,
    "max": 1.0023620893385892,
    "l2_norm": 8.988652125626544
  },
  "residual": {
    "shape": [
      120,
      2
    ],
    "mean": 2.2119757197777702e-17,
    "std": 1.350101248195752e-15,
    "min": -5.329070518200751e-15,
    "max": 4.440892098500626e-15,
    "l2_norm": 2.0918485589764185e-14
  },
  "components": {
    "modes": {
      "shape": [
        8,
        120,
        2
      ],
      "mean": 0.074375,
      "std": 0.5625957137200474,
      "min": -1.2664982699545377,
      "max": 3.6559750460874487,
      "l2_norm": 24.866192093375403
    }
  },
  "meta": {
    "method": "MSSA",
    "window": 24,
    "rank": 8,
    "n_channels": 2,
    "singular_values": [
      100.79974081545001,
      28.28944286870545,
      27.926270495654204,
      4.307096686302977,
      2.6674992687897345e-14,
      2.6353560637622186e-14,
      2.456856596081912e-14,
      2.3931451730714314e-14
    ],
    "trend_components": [
      0,
      3
    ],
    "season_components": [
      1,
      2
    ],
    "dominant_frequencies": [
      0.008333333333333333,
      0.08333333333333333,
      0.08333333333333333,
      0.008333333333333333,
      0.125,
      0.125,
      0.2916666666666667,
      0.2916666666666667
    ],
    "backend_requested": "auto",
    "backend_used": "python",
    "speed_mode": "exact",
    "input_shape": [
      120,
      2
    ],
    "result_layout": "multivariate",
    "channel_names": [
      "x0",
      "x1"
    ]
  },
  "diagnostics": {
    "component_count": 1,
    "component_names": [
      "modes"
    ],
    "component_shapes": {
      "modes": [
        8,
        120,
        2
      ]
    },
    "quality_metrics": {
      "trend_l2_norm": 23.855870558132892,
      "season_l2_norm": 8.988652125626544,
      "residual_l2_norm": 2.0918485589764185e-14,
      "residual_ratio": 8.270437821740825e-16
    },
    "warnings": [],
    "limitations": []
  }
}