{
  "mode": "summary",
  "trend": {
    "shape": [
      120,
      2
    ],
    "mean": 0.5960651650247737,
    "std": 1.4198475221201117,
    "min": -1.2200436112776702,
    "max": 3.5124983722626086,
    "l2_norm": 23.85587055813289
  },
  "season": {
    "shape": [
      120,
      2
    ],
    "mean": -0.0010651650247739492,
    "std": 0.5802140220684495,
    "min": -1.0049930878733186,
    "max": 1.002362089338589,
    "l2_norm": 8.98865212562654
  },
  "residual": {
    "shape": [
      120,
      2
    ],
    "mean": 1.6603539832078795e-16,
    "std": 1.3523715962130514e-15,
    "min": -4.6629367034256575e-15,
    "max": 5.181619022742723e-15,
    "l2_norm": 2.1108159679551676e-14
  },
  "components": {
    "modes": {
      "shape": [
        8,
        120,
        2
      ],
      "mean": 0.07437499999999998,
      "std": 0.5625957137200474,
      "min": -1.2664982699545375,
      "max": 3.6559750460874483,
      "l2_norm": 24.8661920933754
    }
  },
  "meta": {
    "method": "MSSA",
    "window": 24,
    "rank": 8,
    "n_channels": 2,
    "singular_values": [
      100.79974081545,
      28.289442868705443,
      27.92627049565419,
      4.307096686302975,
      2.670117998588805e-14,
      2.6041782141490956e-14,
      2.4362007540669236e-14,
      2.410365447979902e-14
    ],
    "trend_components": [
      0,
      3
    ],
    "season_components": [
      1,
      2
    ],
    "dominant_frequencies": [
      0.008333333333333333,
      0.08333333333333333,
      0.08333333333333333,
      0.008333333333333333,
      0.11666666666666667,
      0.11666666666666667,
      0.2833333333333333,
      0.2916666666666667
    ],
    "backend_requested": "auto",
    "backend_used": "python",
    "speed_mode": "exact",
    "input_shape": [
      120,
      2
    ],
    "result_layout": "multivariate",
    "channel_names": [
      "x0",
      "x1"
    ]
  },
  "diagnostics": {
    "component_count": 1,
    "component_names": [
      "modes"
    ],
    "component_shapes": {
      "modes": [
        8,
        120,
        2
      ]
    },
    "quality_metrics": {
      "trend_l2_norm": 23.85587055813289,
      "season_l2_norm": 8.98865212562654,
      "residual_l2_norm": 2.1108159679551676e-14,
      "residual_ratio": 8.345428325200137e-16
    },
    "warnings": [],
    "limitations": []
  }
}